id;name;email;content
1;payment Awesome Concrete Keyboard Health;Shanel_Dibbert90@yahoo.com;../fake-data/blob/hipster.txt
2;Lead;Rudolph28@hotmail.com;../fake-data/blob/hipster.txt
3;invoice program;Tiffany_Ledner@hotmail.com;../fake-data/blob/hipster.txt
4;COM;Fannie.Kohler17@hotmail.com;../fake-data/blob/hipster.txt
5;Manager Colombia virtual;Mauricio.Shanahan61@hotmail.com;../fake-data/blob/hipster.txt
6;bricks-and-clicks;Rebeka_King45@hotmail.com;../fake-data/blob/hipster.txt
7;system-worthy killer;Michaela.Funk@gmail.com;../fake-data/blob/hipster.txt
8;Small Plastic Fish;Wiley_Schinner8@hotmail.com;../fake-data/blob/hipster.txt
9;ADP synthesize deposit;Jerry56@hotmail.com;../fake-data/blob/hipster.txt
10;Steel withdrawal;Addison18@hotmail.com;../fake-data/blob/hipster.txt
