id;title;shortdescription;content
1;Saint Helena Pound mesh;../fake-data/blob/hipster.txt;../fake-data/blob/hipster.txt
2;EXE Tasty Rubber Chips;../fake-data/blob/hipster.txt;../fake-data/blob/hipster.txt
3;action-items;../fake-data/blob/hipster.txt;../fake-data/blob/hipster.txt
4;Steel leading-edge;../fake-data/blob/hipster.txt;../fake-data/blob/hipster.txt
5;1080p help-desk;../fake-data/blob/hipster.txt;../fake-data/blob/hipster.txt
6;Tools;../fake-data/blob/hipster.txt;../fake-data/blob/hipster.txt
7;Home Loan Account;../fake-data/blob/hipster.txt;../fake-data/blob/hipster.txt
8;overriding Pataca;../fake-data/blob/hipster.txt;../fake-data/blob/hipster.txt
9;orchid New York;../fake-data/blob/hipster.txt;../fake-data/blob/hipster.txt
10;Isle;../fake-data/blob/hipster.txt;../fake-data/blob/hipster.txt
